,Company Name,Website,Number of Employees
0,BitInstant,http://www.bitinstant.com,11-50
1,Postcard on the Run,http://www.postcardontherun.com,1-10
2,The Happy Home Company,http://www.thehappyhome.co,1-10
3,Balanced,http://www.balancedpayments.com,11-50
4,North Technologies,http://www.n-o-r-t-h-t-e-c-h-n-o-l-o-g-i-e-s.com/,1-10
5,Din,https://www.din.co/,11-50
6,Ridejoy,http://ridejoy.com,11-50
7,WrkRiot,http://wrkriot.com,11-50
8,Beautified,http://www.getbeautified.com,11-50
9,Planwise,http://www.planwise.com,1-10
10,Weave,http://weave.in,1-10
11,Tradehill,http://www.tradehill.com,11-50
12,InstallMonetizer,http://www.InstallMonetizer.com,11-50
13,Last Guide,http://last.co,1-10
14,STAND Technologies,http://www.stand.tc,11-50
15,Loku,http://www.loku.com,1-10
16,Spotster,http://spotster.com,1-10
17,Kohort,http://www.kohort.com,11-50
18,Frontback,http://frontback.me,
19,Egomotion,http://www.trystatus.com,1-10
20,Mitoo Sports,http://mitoo.co,1-10
21,LikeIt.com,http://likeit.com,1-10
22,Fetch,http://www.buywithfetch.com,11-50
23,Bondsy,http://bondsy.com,1-10
24,Jetbay,http://jetbay.com,11-50
25,The Runthrough,http://www.therunthrough.com,11-50
26,just.me Inc,http://just.me,1-10
27,Ziptask,http://www.ziptask.com,11-50
28,TrustEgg,http://www.trustegg.com,1-10
29,Buttercoin,http://buttercoin.com,1-10
30,Blab,http://blab.im,11-50
31,Everpix,http://www.everpix.com,51-100
32,Sunglass,http://www.sunglass.io,11-50
33,Boomerang,http://rang.com,1-10
34,Hukkster,http://www.hukkster.com,11-50
35,Haven,http://www.joinhaven.com,1-10
36,Quiet,http://www.quiet.ch,
37,Done.,http://done.com,11-50
38,SoMoLend,http://www.somolend.com,11-50
39,Scoot & Doodle,http://scootdoodle.com,1-10
40,PayDragon,http://paydragon.com,1-10
41,Flowgram,http://www.flowgram.com,11-50
42,Sqwiggle,http://www.sqwiggle.com,1-10
43,PoachIt,http://www.poachit.com,1-10
44,DwellAware,https://DwellAware.com,1-10
45,Sumpto,http://www.sumpto.com,1-10
46,TenderTree,http://www.tendertree.com,1-10
47,Fabricly,http://www.fabricly.com,1-10
48,WUT,http://wutwut.com,1-10
49,Test,http://test.com,11-50
50,SchoolFeed,http://your.schoolfeed.com,1-10
51,Visidraft,http://www.visidraft.com,1-10
52,Sensilk,http://www.sensilk.com,1-10
53,Citybot,http://citybot.com,1-10
54,GreenGoose!,http://greengoose.com,11-50
55,AutoRef.com,http://autoref.com,1-10
56,Guide,http://gui.de,11-50
57,Wire,http://wire.im,51-100
58,Serica,http://www.sericatrading.com,1-10
59,Material Mix,http://www.materialmix.com,1-10
60,CityFunders,http://www.cityfunders.com,1-10
61,Ordrx,http://www.ordrx.com,1-10
62,CrowdMob,http://www.crowdmob.com,1-10
63,Guestmob,http://www.guestmob.com,1-10
64,Inporia,http://inporia.com,11-50
65,Switchcam,http://switchcam.com,11-50
66,Locish,http://www.locish.com,1-10
67,"Mind Pirate, Inc.",http://mindpirate.com,11-50
68,Tylr Mobile,http://www.tylrmobile.com,1-10
69,vChatter,http://www.vchatter.com,1-10
70,Uguru.me,http://uguru.me,11-50
71,Udorse,http://www.udorse.com,1-10
72,Shortlist,http://getshortlist.com,1-10
73,Gliph,https://gli.ph,11-50
74,SocialBuy,http://www.socialbuy.com,11-50
75,Kluster,http://kluster.com,
76,Wiper,http://gowiper.com,11-50
77,Rivet & Sway,http://www.rivetandsway.com,11-50
78,CakeStyle,http://www.cakestyle.com,11-50
79,Juice In The City,http://juiceinthecity.com,11-50
80,CityPockets,http://www.CityPockets.com,1-10
81,Complex Polygon,http://complexpolygon.com/,1-10
82,SlidePay,http://www.slidepay.com,1-10
83,Bistrobot,https://www.bistrobot.com,1-10
84,Vidable,http://www.vidable.com,11-50
85,Wantworthy,http://wantworthy.com,1-10
86,Gamify,http://gamify.com,1-10
87,Bunndle,http://www.bunndle.com,11-50
88,CasaHop,http://casahop.com,11-50
89,Verious,http://www.Verious.com,11-50
90,Akimbo,http://www.akimbo.com/,1-10
91,Etelos,http://etelos.com,11-50
92,Storybricks,http://www.storybricks.com,1-10
93,Deal Decor,http://dealdecor.com,
94,Alminder,http://mynd.me,1-10
95,Status,http://trystatus.com/,
96,Open Places,http://openplac.es,1-10
97,Get.com,http://get.com,1-10
98,SocialPandas,http://www.socialpandas.com,11-50
99,Machine Perception Technologies,http://mpt4u.com,1-10
100,Panelfly,http://panelfly.com,11-50
101,StyleTrek,http://www.styletrek.com,11-50
102,Divvy,http://letsdivvy.it/,1-10
103,Halolife,https://halolife.com/,1-10
104,Sonar.me,http://sonar.me,1-10
105,Rewind Me,http://rewind.me,1-10
106,Flytenow,http://www.flytenow.com,1-10
107,Olive Medical Corporation,http://Oliolivemedical.com,11-50
108,SubtleData,http://www.subtledata.com,11-50
109,AdRocket,http://www.adrocket.com,1-10
110,Armour.io - OWN YOUR DATA,http://www.armour.io,11-50
111,Modabound,http://www.modabound.com,1-10
112,InApp Pro,http://inapppro.com/,
113,Fresh Dish,http://www.freshdish.com,11-50
114,DateMyFamily.com,http://www.datemyfamily.com,1-10
115,Centrl,http://centrl.com,1-10
116,Outline,http://outline.com,1-10
117,Tripl,http://tripl.com,1-10
118,SportsBeat.com,http://www.SportsBeat.com,11-50
119,hopscout,http://www.hopscout.com,11-50
120,Consignd,http://www.consignd.com,1-10
121,LayerVault,http://layervault.com,11-50
122,Urbita,http://www.urbita.com,11-50
123,eEvent,http://eevent.com,1-10
124,Wyldfire,http://www.wyldfireapp.com,1-10
125,PostRocket,http://getpostrocket.com,1-10
126,BitStash,http://bitstash.com,1-10
127,Phyzseek: The Fitness App That Motivates You to Transform Your Body,http://www.phyzseek.com,1-10
128,BetterFit Technologies,http://betterfit.com/,1-10
129,Road Hero,http://roadhero.org,1-10
130,ReSchedule,http://reschedulemed.com,
131,Compass Quality Insight Inc.,http://compassquality.com,11-50
132,Omniref,http://www.omniref.com,1-10
133,HealthRally,http://www.healthrally.com,1-10
134,Funium,http://familyvillagegame.com,11-50
135,Seahorse,http://seahorse.co,11-50
136,Vessix,http://www.vessix.com,1-10
137,Fast Society,http://www.fastsociety.com,11-50
138,Fanattac,http://www.fanattac.com,1-10
139,SellSimple,http://www.sellsimple.com/,1-10
140,CrowdHall,http://www.crowdhall.com,11-50
141,Tube2Tone,http://tube2tone.com,11-50
142,Remedify,http://remedify.com,1-10
143,PackLate.com,http://packlate.com,11-50
144,WireOver,http://www.wireover.com,1-10
145,RocketClub,http://rocketclub.co,1-10
146,Cloudsnap,http://cloudsnap.com,1-10
147,Dojo,http://do.jo,1-10
148,EggCartel,http://www.eggcartel.com,1-10
149,Bitcast,http://www.bitcast.io,1-10
150,Chasm.io,http://chasm.io,1-10
151,SocialVest,http://www.socialvest.us,
152,FortressFone™ Technologies Company,http://www.fortressfone.com,1-10
153,Car Guy Nation,http://www.carguynation.com,11-50
154,BuySimple,http://www.buysimple.com,1-10
155,Sociogramics,http://www.sociogramics.com,1-10
156,Emergent One,http://emergentone.com,1-10
157,OpenChime,http://www.openchime.com,1-10
158,Eyeona,http://www.eyeona.com,11-50
159,SpotlessCity,http://www.spotlesscity.com,1-10
160,Merchant Exchange,http://www.merchex.com,11-50
161,Linea,http://getlinea.com,11-50
162,gopogo,http://www.gopogo.com,11-50
163,Gifi,http://www.givegifi.com,1-10
164,CityRaven,http://www.cityraven.com,1-10
165,walkby,http://walkby.com,1-10
166,Piggybackr,http://www.piggybackr.com,11-50
167,BuyNow WorldWide,http://www.BuyNowWorldwide.com,1-10
168,OneSchool,http://oneschool.com,11-50
169,Pickle,http://www.trypickle.com,1-10
170,HouseFix,http://www.housefix.com,
171,BookTour,http://www.booktour.com,1-10
172,StudyCloud,http://www.mystudycloud.com,1-10
173,ProtoExchange,http://www.protoexchange.com,1-10
174,Join The Company,http://jointhecompany.com,1-10
175,Hug Energy,http://www.hugenergy.com,1-10
176,27 Perry,http://www.27perry.com,1-10
177,RawData,http://www.therawdata.com,11-50
178,Chogger,http://chogger.com,1-10
179,Textingly,http://texting.ly,1-10
180,Storage By The Box,http://www.storagebythebox.com,1-10
181,Labmeeting,http://www.labmeeting.com,
182,nprogress,http://www.nprogress.com,1-10
183,Spiffy Society,http://www.spiffysociety.com,1-10
184,Urtak,http://urtak.com,1-10
185,Path101,http://www.path101.com,11-50
186,Badongo.com,http://www.badongo.com,1-10
187,Press,http://pressla.bs,1-10
188,Turf Geography Club,http://www.turfgeographyclub.com,1-10
189,GradFly,http://www.gradfly.co,1-10
190,Home Team Therapy,http://hometeamtherapy.com,1-10
191,Nettle,,1-10
192,Nubli,http://nubli.com,1-10
193,SIPN,http://globalsipn.com/,1-10
194,Acceptly,http://Acceptly.com,1-10
195,Adcast,http://adca.st,1-10
196,Stunable,http://stunable.com,1-10
197,Jounce,http://jounce.com,51-100
198,HelpHive,http://www.helphive.com,1-10
199,TripFab,http://www.tripfab.com,11-50
200,Virgance,http://www.virgance.com,11-50
201,Poliana,http://www.poliana.com,1-10
202,D8A Group,http://d8a.com,1-10
203,Inveni,http://www.inveni.com,1-10
204,RobotDough Software,http://robotdough.com,1-10
205,Keepio,http://www.keepio.com,1-10
206,eVoter,http://www.evoter.com,1-10
207,Bababoo,http://www.bababoo.com,1-10
208,SunnyBump,http://www.sunnybump.com,1-10
209,Nugg-it,http://launch.nugg-it.com,1-10
210,Thryve,http://www.thryveapp.com/,51-100
211,Pinkdingo,http://www.pinkdingo.com,1-10
212,Echelon Creative,http://wordsu.com/,
213,Arkayne,http://www.blogglue.com,1-10
214,Ripple Commerce,http://ripplecommerce.com,1-10
215,Glide Health,http://www.glidehealth.us,1-10
216,VidBid,http://www.vidbid.com,1-10
217,Jodange,http://www.jodange.com,11-50
218,Jildy,http://www.jildy.com,1-10
219,Mineful,http://www.mineful.com,11-50
220,Operating Analytics,http://operatinganalytics.com,1-10
221,White Cheetah,http://crowd911.com,11-50
222,Gaston Labs,http://GastonLabs.com,1-10
223,Bevy,http://www.BevyInc.com,1-10
224,Searcheeze,http://www.searcheeze.com,1-10
225,Cubby,http://gocubby.com,1-10
226,Sywork,https://sywork.tv,1-10
227,Ohm,http://www.getohm.com/,
228,Plura Processing,http://www.pluraprocessing.com,1-10
229,Drive Pulse,https://drivepulseapp.com,1-10
230,Idooble,http://www.idooble.com,11-50
231,Audienced,http://www.getaudienced.com,1-10
232,Solid Innovations,http://www.solidinnovations.net/,1-10
233,Epicure,http://www.letsepicure.com/,1-10
234,SocialSamba,http://www.socialsamba.com,1-10
235,Monthlys,http://www.monthlys.com,11-50
236,Loudcaster,http://loudcaster.com,1-10
237,"MoveableCode, Inc.",http://moveablecode.com,1-10
238,Salad Labs,http://popsalad.com,1-10
239,QiWord,https://qiword.co/,1-10
240,Leap,http://leapfor.it,1-10
241,MyNines,http://www.mynines.com/,11-50
242,TipCity,http://www.tipcity.com,11-50
243,Progeny Solar,http://progenysolar.com,51-100
244,Careerflo,http://www.Careerflo.com,11-50
245,Tivity,http://www.tivity.us,1-10
246,Spurfly,http://www.spurfly.com,1-10
247,Sparkbrowser,http://sparkbrowser.org,11-50
248,Hively,http://teamhively.com,11-50
249,SpinTheCam,http://www.spinthecam.com,1-10
250,YellowBrck,http://www.yellowbrck.com,1-10
251,Invibox,http://Invibox.com,11-50
252,CollegeWikis,http://www.collegewikis.com,1-10
253,Featherlight,http://www.featherlight.co,1-10
254,DINKlife,http://www.dinklife.com,1-10
255,Plix,http://plix.co,1-10
256,Relationship Analytics,http://www.relationshipmanager.com,1-10
257,Kincast,http://www.kincast.com,1-10
258,BigTwist,http://www.bigtwist.com,1-10
259,Mithridion,http://www.mithridion.com,1-10
260,LeanStream Media,http://www.leanstreammedia.com,1-10
261,People to Remember,http://www.people2remember.com,1-10
262,Aarden Pharmaceuticals,http://aardenpharma.com,1-10
263,Kynded,http://www.Kynded.com,1-10
264,Interactive Mobile Advertising,http://www.imatmobile.com,1-10
265,Spry,http://www.spryplanner.com,1-10
266,Bevvy,http://www.bevvy.com,1-10
267,Frolik,http://frolik.com,1-10
268,Aviga Systems,http://www.avigasystems.com,1-10
269,Quewey,http://quewey.com,11-50
270,Wander (f. YongoPal),http://www.wanderwith.us/,1-10
271,Forkforce,http://www.theforkforce.com,1-10
272,Melody Management,http://melodymanagement.com,1-10
273,Rehabtics,,
274,GroupTie,http://www.grouptie.com,11-50
275,Three Screen Games,http://www.threescreengames.com,1-10
276,Smart Mocha,https://smartmocha.com,11-50
277,Win Win Slots,http://winwinslots.com,1-10
278,Gamzee,http://www.gamzee.com,1-10
279,"SmartStay, Inc",http://smartstay.io,1-10
280,Zila Networks,http://zilanetworks.com,11-50
281,Alo Networks,http://alonetworks.com,1-10
282,Bundle It,http://bundleit.com,1-10
283,Minerva Worldwide,http://www.minervaworldwide.com,1-10
284,LilLuxe,http://www.lilluxe.com,11-50
285,Mailana,http://www.mailana.com,11-50
286,Yasmo,http://www.yasmolive.com,1-10
287,hyaqu,http://www.hyaqu.com,1-10
288,Cloud.CM,http://cdn.cloud.cm/index_main.html,1-10
289,spotdock,http://www.spotdock.com,1-10
290,Orbit Media,http://www.launchorbit.com,1-10
291,Kirkland North,http://www.playturf.net,1-10
292,JOYRIDE Auto Community,http://www.joyride.com,11-50
293,KoalaDeal,http://www.koaladeal.com,11-50
294,Cortex Healthcare,http://www.cortexhealthcare.com,1-10
295,Incentivyze,http://incentivyze.co,1-10
296,outdoors.io,https://www.outdoors.io/,1-10
297,DailyTicket,http://dailyticket.com,1-10
298,Visibiz,http://www.visibiz.com,1-10
299,Cuturia,http://www.cuturia.com,1-10
300,FreeBike Project,http://freebikeproject.com,1-10
301,25eight,http://25eightsoftware.com,1-10
302,Notice Kiosk,,1-10
303,SoRewarding,http://www.SoRewarding.com,11-50
304,Fan Appz,http://fanappz.com,11-50
305,DotSpots,http://dotspots.com,1-10
306,Zenda Technologies,http://www.zendatech.com,1-10
307,Dinamundo,http://www.dinamundo.com,1-10
308,SnapOne,http://www.snapone.com,51-100
309,Periscape,http://periscape.com,1-10
310,Exchangery,http://theexchangery.com,1-10
311,Time Bomb Deals,http://timebombdeals.com,11-50
312,FanFound,http://www.fanfound.com,1-10
313,People Operating Technology,http://www.peopleoperatingtechnology.com,1-10
314,Composure,http://getcomposure.com/,11-50
315,MARIPOSA BIOTECHNOLOGY,http://mariposabiotech.com,1-10
316,Hubkick,http://www.hubkick.com,1-10
317,CmyCasa,http://www.cmycasa.com,11-50
318,OdinOtvet,http://www.odinotvet.ru,11-50
319,HD Fantasy Football,,
320,Werkadoo,http://www.werkadoo.com,1-10
321,RallyCause,http://rallycause.com,1-10
322,Retrace,http://retraceapp.com,1-10
323,Generous Deals,http://www.GenerousDeals.com,1-10
324,VocalizeLocal,http://www.vocalizelocal.com,1-10
325,Billfish Software,http://www.billfishsoftware.com,1-10
326,Joystickers,http://joystickers.com,1-10
327,InGrid Solutions,http://ingridsolutions.com,1-10
328,Tittat,http://www.titt.at,1-10
329,Devtap,http://www.devtap.com,1-10
330,IntroFly,http://introfly.com,1-10
331,ToVieFor,http://toviefor.com,1-10
332,C-Vibes,http://www.chumkee.com,1-10
333,TagaPet,http://www.tagapet.com,1-10
334,Conexus-IT,http://www.conexus-it.com,1-10
335,Weatherista,http://www.weatherista.com,1-10
336,Maps InDeed,http://mapsindeed.com,51-100
337,FeZo,http://www.fezo.com,1-10
338,localbacon,http://www.localbacon.com,1-10
339,SendMeHome.com,http://www.sendmehome.com,1-10
340,Meggatel,http://meggatel.com,1-10
341,HelpMeRent.com,http://www.helpmerent.com,1-10
342,SeniorSource,http://www.seniorsource.com,1-10
343,Dick or Bro,http://www.dickorbro.com,1-10
344,Applits,http://applits.com,
345,lifeIO,http://www.lifeio.com,1-10
346,Wagaduu!,https://www.wagaduu.com/#/,1-10
347,California Interactive Technologies,http://calinteractive.com,1-10
348,8020select,http://8020select.com,1-10
349,Matchpin,http://www.matchpin.com,1-10
350,AmpIdea,http://www.ampidea.com,1-10
351,US-ST Construction Material Int'l.,http://stmaterialconstruction.com,1-10
352,Advebs,http://www.advebs.com,11-50
353,HiLo Tickets,http://www.hilotickets.com,1-10
354,DriveThem.com,http://www.drivethem.com,1-10
355,TasteSpace,http://www.tastespace.com,1-10
356,I Just Shared,http://www.ijustshared.com,1-10
357,Coinex-IO,http://coinex.io,1-10
358,BuildingLayer,http://buildinglayer.com,1-10
359,CookItFor.Us,http://cookitfor.us,1-10
360,Stepping Stories,https://steppingstories.com/,1-10
361,SocialThreader,http://socialthreader.com,1-10
362,Hurricane Party,http://hurricaneparty.com,1-10
363,Jamglue,http://www.jamglue.com,11-50
364,AnovaStorm,http://anovastorm.com,1-10
365,Dazzling Beauty Group,http://TheBeautyCrush.com,1-10
366,Xcedex,http://www.Xcedex.com,11-50
367,Rentelligence,http://www.rentelligence.us,1-10
368,Remember The Member,http://www.rememberthemember.com,1-10
369,Define My Style,http://www.definemystyle.com,1-10
370,SeatSwapr,http://www.SeatSwapr.com,1-10
371,TicketStumbler,http://ticketstumbler.com,1-10
372,GroupStream,http://groupstre.am,1-10
373,Elephant.is,http://elephant.is,1-10
374,SweetSlap,http://www.sweetslap.com,1-10
375,LifeServe Innovations,http://lifeserveinnovations.com,1-10
376,Content Circles,http://www.contentcircles.com,1-10
377,Veebox,http://www.veebox.com,1-10
378,StyleZen,http://stylezen.net,1-10
379,Zoodak,http://zoodak.com,1-10
380,HashTip,http://www.hashtip.com,1-10
381,Tingz,http://tingz.net,1-10
382,Tagito,http://www.tagito.com,1-10
383,Resoomay,http://www.resoomay.com,1-10
384,Printed Piece,http://www.printedpiece.com,1-10
385,LaunchSide,http://launchside.com,1-10
386,Tasqe,http://www.tasqe.com,1-10
387,Cubikal,http://www.Cubikal.com,1-10
388,One-Song,http://www.one-song.com,1-10
389,Snipd,http://www.snipd.com,1-10
390,MatSatVoxli,http://www.voxli.com,1-10
391,stiQRd,http://stiqrd.com,1-10
392,Social Collective,http://thesocialcollective.com,1-10
393,AlphaNation,http://www.alphanation.com,1-10
394,startuply,http://www.startuply.com,
395,Showkicker,http://showkicker.com,1-10
396,Tourism4me,http://tourism4me.com,1-10
397,Cognovant,http://cognovant.com,1-10
398,Q Medical Centers,http://www.qmedicalcenters.com,1-10
399,MoonTango,http://moontango.com,1-10
400,LemonCrate,http://lemoncrate.com,11-50
401,itsDapper,http://www.dapperjobs.com,1-10
402,dxcare.com,http://www.dxcare.com,1-10
403,AudioName,http://audioname.com,1-10
404,Jobzle,http://www.jobzle.com,1-10
405,10BestThings,http://10bestthings.com,1-10
406,Pintics,http://www.pintics.com,1-10
407,Pick a Student,http://www.pickastudent.com,1-10
408,Kinetic,,
409,Alekto,http://www.alekto.co,1-10
410,AdexLink,http://www.adexlink.com,1-10
411,Ayeah Games,http://www.ayeahgames.com,1-10
412,Dreamscape Blue,http://www.dreamscapeblue.com/index.html,1-10
413,KlickSports,http://klicksports.com,1-10
414,Cognection,http://cognection.com,1-10
415,Help Me Rent Magazine,http://www.helpmerentmagazine.com,11-50
416,Pinevio,http://www.pinevio.com,1-10
417,World Blender,http://www.worldblender.com,1-10
418,AwesomeHighlighter,http://www.awesomehighlighter.com,1-10
419,Muziwave.com,http://Muziwave.com,1-10
420,GoGuide,http://gyde.ly,1-10
421,ChorPpay,http://chorepay.com,11-50
422,Guerillapps,http://www.guerillapps.com,11-50
423,Rocky Mountain Ventures,http://www.rmven.net,1-10
424,Poolami,http://www.poolami.com,1-10
425,Silico Corp,http://machineasous-revues.com,1-10
426,Versonics,,
427,SixIntel,http://www.sixintel.com,1-10
428,code-laboration,http://codelaboration.com,1-10
429,VeteranCentral.com,http://www.veterancentral.com,11-50
430,Vicino,http://vicino.com,1-10
431,Marvin,http://marvincar.com,1-10
432,DealitLive.com,http://www.dealitlive.com,1-10
433,Anonymous You,http://ay.com,1-10
434,Lemonwise,http://lemonwi.se,1-10
435,NatSent,http://www.natsent.com,1-10
436,Matatena Games,http://www.matatenajuegos.com,11-50
437,Red Blue Voice,http://redbluevoice.com,11-50
438,Sniply,,1-10
439,dVisit,http://www.dvisit.com,1-10
440,TempMine,http://www.tempmine.com,1-10
441,Imindi,http://www.imindi.com,1-10
442,DirectAdoptions.com,http://DirectAdoptions.com,1-10
443,SoLatina,http://solatina.com,1-10
444,SavySwap,http://savyswap.co,1-10
445,Zentact,http://zentact.com,1-10
446,Linksify,http://www.linksify.com/index.cfm?NavTab=Home,
447,Global Sports Affinity Marketing,http://digitallegends.net,1-10
448,GeekStatus,http://geekstatus.com,11-50
449,PLAYD8,http://www.playd8.com,1-10
450,Netgamix Inc,http://www.netgamix.com,1-10
451,Traffic Labs,http://trafficapp.co,1-10
452,Fetch MD,http://www.FetchMD.com,1-10
453,Connectbright,,
454,Soshowise,http://www.soshowise.com,1-10
455,Troubleshooters Inc,http://www.linkedin.com/in/peterthomashall,1-10
456,1DayMakeover,http://www.1daymakeover.com,1-10
457,Raidarrr,http://www.raidarrr.com,1-10
458,Hit Systems,http://www.hitsystems.com,1-10
459,Slipstream,http://slipstre.am,1-10
460,NoviMedicine,http://www.novimedicine.com,1-10
461,Accelerated Orthopedic Technologies,http://www.acceleratedorthopedics.com,1-10
462,Explore.To Yellow Pages,http://www.explore.to,11-50
463,Rocket Raise,http://rocketraise.com/,1-10
464,Athigo,http://www.athigo.com,11-50
465,Jobulous,http://www.Jobulous.com,1-10
466,WoofRadar,http://woofradar.com,1-10
467,Good Works Now,http://goodworksnow.com,1-10
468,"Sweatdrops, LLC",http://www.sweatdrops.com,1-10
469,ClrTouch,http://ClrTouch.com,1-10
470,Medivantix Technologies,http://www.medivantix.com,1-10
471,Workstir,http://workstir.com,1-10
472,WideAngle Metrics,http://www.wideanglemetrics.com,1-10
473,Closet Couture,http://www.closetcouture.com,1-10
474,e-Tag,http://www.e-tag.name,1-10
475,Hopscot.ch,http://www.hopscot.ch,1-10
476,YESTODATE.COM,http://www.yestodate.com,1-10
477,N2Care,http://n2care.net,1-10
478,GoodClic,http://goodclic.com,1-10
479,911 View,http://911view.com,
480,Awesome AI,http://awesome.ai,1-10
481,Snacksquare,http://www.snacksquare.com,1-10
482,WeAre.Us,http://www.weare.us,1-10
483,Posterbee,http://www.posterbee.com,1-10
484,myAchy,,1-10
485,PlayerDuel,http://www.PlayerDuel.com,
486,Avieon,http://www.avieon.com,1-10
487,Epunchit,http://epunchit.com,1-10
488,CostumeWorks,http://www.costumeworks.com,1-10
489,Worksurfers,http://worksurfers.com,1-10
490,"Spaciety (Fast Market Holdings, LLC)",,
491,wmbly,http://www.wmbly.com,1-10
492,DataVote,http://www.datavote.com,11-50
493,Pull,http://thepullapp.com/,11-50
494,Bizily,http://www.bizily.com,1-10
495,Quack,http://www.GetQuacks.com,1-10
496,24PageBooks,http://24pagebooks.com,1-10
497,mycirQle,http://mycirqle.com,1-10
498,Zigswitch,http://zigswitch.com,1-10
499,SpotBanks,,1-10
500,Yakify,http://www.yakify.com,1-10
501,TutorialTab,http://tutorialtab.com,11-50
502,ADS Biotechnology,,
503,Picket,http://www.picketapp.com,1-10
504,Trymph Inc.,http://www.trymph.com/,1-10
505,LegalJump,http://www.legaljump.com/,1-10
506,MedGRC,https://www.medgrc.com,1-10
507,TastyNow.com,http://tastynow.com,1-10
508,CHOOMOGO,http://www.choomogo.com,1-10
509,Voltaic Coatings,http://www.voltaiccoatings.com,1-10
510,MediVision,http://www.medivisiontoday.com,1-10
511,Stand Offer,http://www.standoffer.com,1-10
512,dreamsha.re,http://dreamsha.re,1-10
513,ibabybox,http://www.ibabybox.com,1-10
514,WallCompass,http://www.wallcompass.com,1-10
515,atHomestars,http://www.athomestars.com,1-10
516,Swarmforce,http://www.swarmforce.com,1-10
517,paymio,http://paymio.com,
518,Luristic,http://www.Luristic.com,11-50
519,WHObyYOU,http://www.whobyyou.com,11-50
520,Devotee,http://devotee.com,1-10
521,Chasing Savings,http://www.chasingsavings.com,1-10
522,ItsGoinOn,http://www.itsgoinon.com,1-10
523,StockCastr,http://stockcastr.com,1-10
524,Silver Lining Limited,http://www.silverlininglimited.com,1-10
525,JumpTheClub,http://www.jumptheclub.com,1-10
526,ishBowl,http://www.ishBowl.com,1-10
527,Diavibe,http://www.diavibe.com,1-10
528,Ernie's,http://erniesgrocery.com,1-10
529,Starbates,http://www.starbates.com,1-10
530,eeden,http://eeden.org,1-10
531,Zinc Save,http://zincsave.com,1-10
532,Million Dollar Earth,http://www.milliondollarearth.com,1-10
533,CloudAptitude,http://cloudaptitude.com,1-10
534,Quincy Apparel,,
535,CityCiv,http://www.cityciv.com,1-10
536,Friendsignia,http://friendsignia.com,1-10
537,UserMojo,http://www.usermojo.com,1-10
538,Ravn,http://ravn.com,11-50
539,stickyBEAK,,
540,Creative Logic Media,http://creativelogicmedia.com,1-10
541,HourVille,http://www.hourville.com,1-10
542,Picklify,http://Picklify.com,1-10
543,​Shwrüm,http://www.shwrum.com,1-10
544,SupplySeeker.com,http://www.supplyseeker.com,1-10
545,AuditionBooth,http://topsecretauditionbooth.com,1-10
546,LeftRight Studios,http://leftright.co,11-50
547,bulletn.,http://www.bulletn.info,1-10
548,Digital Dandelion,http://digitaldandelion.net,1-10
549,Safecare,http://safecare.publichealth.gsu.edu/,5001-10000
550,Easiest Credit Card To Get Approved For,http://www.EasiestCreditCardToGetApprovedFor.com,1-10
551,College Snack Attack,,1-10
552,Prim,http://getprim.com,11-50
553,CUPR,,1-10
554,CoCollage,http://cocollage.com,1-10
555,WalletKit,http://www.walletkit.com,1-10
556,Notifo,http://notifo.com,1-10
557,Collexpo,http://www.collexpo.com,1-10
558,Entasso,http://entasso.com,1-10
559,PlayCrafter,http://PlayCrafter.com,
560,listedplaces,http://www.listedplaces.com,1-10
561,Smart Lanes,http://smartlanestechnologies.com/,1-10
562,My Best Interest,http://www.ratesurfer.com,1-10
563,Second Half Playbook,http://www.secondhalfplaybook.com,1-10
564,Ad Knights,http://www.adknights.com,1-10
565,ENT Surgical,http://www.ent-surgical.com,1-10
566,WakeMate,http://www.wakemate.com,1-10
567,Picomize,http://www.picomize.com,1-10
568,Biographicon,http://www.biographicon.com,
569,iSquare,http://www.isquareinc.com,1-10
570,U4EA Networks,http://u4ea.net,1-10
571,SEC Watch,http://www.secwatch.com,11-50
572,SoStupid.com,http://www.SoStupid.com,11-50
573,Frequent Browser,http://www.frequentbrowser.com,1-10
574,Skill-Life,http://skill-life.com,
575,Metricly,,11-50
576,ECO Films,http://www.eco-films.com,1-10
577,Say-Hey,http://www.say-hey.com,1-10
578,MathZee,http://mathzee.com,1-10
579,GoYoDeo,http://www.GoYoDeo.com,1-10
580,Mango Reservations,http://www.mangoreservations.com,1-10
581,PetSitnStay,http://www.petsitnstay.com,1-10
582,RippleFunction,http://ripplefunction.com,1-10
583,Crono,http://mycrono.com,1-10
584,CrowdSling,http://www.crowdsling.com,1-10
585,ReClaims,http://www.reclaimsinc.com,51-100
586,Tidalwave Trader,http://www.tidalwavetrader.com,1-10
587,Medico.com,http://www.medico.com,51-100
588,El Teatro,http://www.elteatro.com,1-10
589,Stayhound,http://www.stayhound.com,501-1000
590,XMLAW,http://www.xmlaw.com,1-10
591,TwentyFour6,http://www.twentyfour6.com,11-50
592,Twiigg,http://www.twiigg.com,1-10
593,SMR SITE,http://www.SearchMyResearch.com,1-10
594,utoopia,http://www.utoopia.com,1-10
595,Dream Village,http://www.dream-village.org,1-10
596,International Liars Poker Association,http://www.liarspoker.com,11-50
597,Sports Weather Media,http://www.sportsweatherstats.com,1-10
598,Comic Rocket,http://www.comic-rocket.com,1-10
599,Campalyst,http://www.campalyst.com,11-50
600,Rewarding Return,http://www.rewardingreturn.com,1-10
601,"ITOG, Inc.",http://www.itog.com,1-10
602,Fliggo,http://RevziTv.com,1-10
603,Frogmetrics,http://frogmetrics.com,1-10
604,RevoDeals,http://www.WorldSeriesofMusic.com,1-10
605,Glitek,http://www.glitek.com/,
606,University Media,http://umonkey.com,1-10
607,Trove,http://trove.com,51-100
608,OrderBorder,http://www.orderborder.com,1-10
609,PollVaultr,http://www.pollvaultr.com,1-10
610,Relead,http://relead.com,1-10
611,Barnacle,http://www.GoBarnacle.com,1-10
612,IndyGeek,http://www.indygeek.net,1-10
613,Zipano,http://www.zipano.com,1-10
614,Centripetal Software,http://www.centripetalsoftware.com,1-10
615,Ground Zero Group Corporation,http://gztwincities.com,1-10
616,HAM-IT,http://www.ham-it.com,1-10
617,BetaUsersNow.com,http://www.BetaUsersNow.com,1-10
618,TwtBks,http://www.twtbks.com,1-10
619,Revetto,http://www.revetto.com,1-10
620,LVL6,http://www.lvl6.com,1-10
621,The Wedding Favor,http://www.theweddingfavor.com,1-10
622,Triples Media,http://www.triplesmedia.com,1-10
623,Classiphix,http://www.Classiphix.com,1-10
624,Offbeat Guides,http://www.offbeatguides.com,1-10
625,Revnetics,http://www.revnetics.com,1-10
626,IonLogix Systems,http://www.ionlogix.com,1-10
627,Wabeebwa,http://www.wabeebwa.com,1-10
628,HN Discounts Corporation,http://www.hndiscounts.com,11-50
629,Plurchase,http://plurchase.com,1-10
630,RegistryLove,http://registrylove.com,11-50
631,Waddle,http://waddleapp.com,1-10
632,Kite,http://kiteedu.com,1-10
633,Lifestander,http://www.lifestander.com,1-10
634,Skribit,http://skribit.com,1-10
635,Picwing,http://www.picwing.com,11-50
636,Oakland Single Parents' Network,http://www.oaklandsingleparents.com,1-10
637,Minor Studios,http://minorstudios.com,1-10
638,Tasted Menu,http://www.tastedmenu.com,1-10
639,StartitUp,http://www.startitup.co,1-10
640,Hiptype,http://www.hiptype.com,1-10
641,Venuetastic,http://venuetastic.com,1-10
642,Superhuman.io,http://superhuman.io,1-10
643,Aircare,http://www.aircareapp.com,1-10
644,VOXly Partners,http://www.voxly.co,1-10
645,curated.by,http://www.curated.by,1-10
646,Radius,http://www.radiusearphones.com/store/home.php,
647,Snaptalent,http://snaptalent.com,1-10
648,OfferLounge,http://www.offerlounge.com,1-10
649,Stakeforce,http://www.stakeforce.com,1-10
650,Youlicit,http://www.youlicit.com,1-10
651,UpRace,http://www.uprace.com,1-10
652,RewardSnap,http://rewardsnap.com,1-10
653,Lifestyle Social,http://www.lifestylesocial.com/,11-50
654,Glass,http://www.shopglass.com,51-100
655,CinaMaker,http://www.cinamaker.com/coming_soon,1-10
656,coRank,http://www.primeluxuryrentals.com/boat-rentals-miami/,11-50
657,Thoof,http://thoof.com,
658,Churn Labs,http://www.churnlabs.com,11-50
659,Signal Patterns,http://www.signalpatterns.com,11-50
660,Popset,http://popset.com,1-10
661,PerSer Corp,http://www.facebook.com/perser.corp?ref=hl,1-10
662,TapIn.tv,http://www.tapin.tv,1-10
663,Questli,http://questli.com,1-10
664,CrowdZone (ACQUIRED),http://www.cbssports.com/,1-10
665,LP33.TV,http://lp33.tv,11-50
666,Culture Kitchen,http://www.culturekitchen.com,1-10
667,Club Scene Network,http://www.ClubSceneNetwork.com,1-10
668,Saltlick Labs,http://saltlicklabs.com,1-10
669,6px,https://6px.io,1-10
670,LeisureLogix,http://www.roadescapes.com,1-10
671,BlogRadio,http://www.podblogr.com,1-10
672,viaCycle,http://www.viacycle.com,1-10
673,Voicendo,http://www.voicendo.com,1-10
674,Popcuts,http://www.popcuts.com,1-10
675,Fifteen Reasons,http://planyp.us,1-10
676,The Whoot,http://www.TheWhoot.com,1-10
677,KwiClick,http://www.kwiclick.com,1-10
678,Yobble,http://iphoneairguitar.com,1-10
679,Legal River,http://www.legalriver.com,1-10
680,DealBird,http://www.dealbird.com,1-10
681,SPOC Medical,http://www.spocmedical.com,1-10
682,TrueInsider,http://www.trueinsider.com,1-10
683,Fitsistant,http://www.fitsistant.com,1-10
684,Raffstar,http://www.raffstar.com,1-10
685,BatesHook,http://www.bateshook.com,11-50
686,Magic Rock Entertainment,http://www.magicrock.com,1-10
687,Dabble,http://dabble.com,
688,Koala Databank,http://www.koaladatabank.com,1-10
689,Curbsy,http://www.curbsy.com,1-10
690,Kikr,http://www.mykikr.com/,1-10
691,Pinchd,http://pinchd.com,1-10
692,LiveRSVP,http://www.LiveRSVP.com,1-10
693,Thounds,http://thounds.launchrock.com/?r=http://www.crunchbase.com/company/thounds,1-10
694,CinnaBid,http://cinnabid.com,1-10
695,InGameNow,http://www.ingamenow.com,1-10
696,HireHive,http://hirehive.com,51-100
697,Trips n Salsa,http://tripsnsalsa.com,1-10
698,Mumboe,http://mumboe.com,1-10
699,Framebase,http://framebase.io,1-10
700,ebindle Inc.,http://www.ebindle.com,1-10
701,Black House,http://www.black-house.co,1-10
702,LugIron Software,http://www.lugiron.com,1-10
703,Hunie,http://hunie.co,11-50
704,Advanced Marketing & Media Group,http://www.theammgroup.com,1-10
705,FAD IO,http://fad.io,1-10
706,oohilove,http://www.oohilove.com,11-50
707,Debteye,http://www.debteye.com,1-10
708,thesweetlink,http://www.thesweetlink.com,1-10
709,TrustDegrees,http://www.trustdegrees.com,1-10
710,SocialBrowse,http://www.socialbrowse.com,1-10
711,Clipik,http://clipik.com,
712,MergeLocal,http://www.mergelocal.com,
713,yourClass Education,http://yourclass.net,1-10
714,Popularo,http://popularo.com,1-10
715,JobPiper,http://jobpiper.com/,1-10
716,RatherGather,http://rathergather.com,1-10
717,Wundrbar,http://wundrbar.com,1-10
718,Skyfunnel,http://skyfunnel.co,1-10
719,Encarnate,http://www.encarnate.com,1-10
720,GENEI Systems Inc.,http://www.geneisystems.com,1-10
721,Plan A Drink,http://www.planadrink.com,1-10
722,Apprats,http://apprats.com,1-10
723,Flagr,http://flagr.com,1-10
724,Honestly Now,http://www.honestlynow.com,1-10
725,HoverChat,http://hoverchat.com,11-50
726,North by South,http://www.northxsouth.com,11-50
727,BidModo,http://www.bidmodo.com,1-10
728,TruantToday,http://truanttoday.com,1-10
729,MetaNotes,http://www.metanotes.com,1-10
730,CollegeJobConnect,http://collegejobconnect.com,1-10
731,Krikle,http://krikle.com,1-10
732,Vertascale,http://vertascale.com/,1-10
733,MashWorx,http://www.mashworx.com,11-50
734,TrendBent,http://www.trendbent.com,1-10
735,Mashed jobs,http://mashedjobs.com,1-10
736,Povo,http://povo.com,1-10
737,Spoondate,http://www.spoondate.com,1-10
738,Receept,http://www.receept.com,1-10
739,Creative Citizen,http://www.creativecitizen.com,1-10
740,Kickplay,http://www.kickplay.com,1-10
741,Training Intelligence,http://www.trainingintelligence.com,1-10
742,WineMeNow,http://www.winemenow.com,1-10
743,Massively Fun,http://massivelyfun.com,1-10
744,SlapVid,http://slapvid.com,
745,Reble,http://reble.fm,
746,HugeFan,http://www.hugefan.com,1-10
747,Bloson,http://www.bloson.com,1-10
748,Classical Connection,http://www.classicalconnection.com,1-10
749,Phrazit,http://www.phrazit.com,1-10
750,Mixaloo,http://www.mixaloo.com,1-10
751,Nelbee,http://nelbee.com,1-10
752,PROnoise,http://pronoise.com,1-10
753,Zadby,http://zadby.com,1-10
754,Bellstrike,http://bellstrike.com,1-10
755,pickrset,http://www.pickrset.com,1-10
756,CareSimply,http://www.caresimply.com,1-10
757,United Keys,http://www.unitedkeys.com,1-10
758,FOURward Thought,http://www.fourwardthought.com,1-10
759,SDH Group,http://www.sdhgroup.net,11-50
760,Sparkcloud,http://sparkcloud.com,11-50
761,Kngroo,http://www.kngroo.com,1-10
762,Quant the News,http://www.stockmood.com,1-10
763,Splash.FM,http://splash.fm,1-10
764,ididwork,http://www.ididwork.com,1-10
765,Reviewspotter,http://www.Reviewspotter.com,1-10
766,CorkShare,http://www.corkshare.com,1-10
767,YumDots,http://yumdots.com,1-10
768,Cubiez,http://www.cubiez.com,1-10
769,maufait,http://www.mosnaps.com,1-10
770,Spontaneously,http://www.spontaneously.com,
771,SaySwap,http://www.sayswap.com,1-10
772,Herd,,
773,Speakermix,http://speakermix.com,1-10
774,WebinarHero,http://www.WebinarHero.com,11-50
775,Jagger,http://getjagger.com/,1-10
776,FundWell,http://www.thefundwell.com/,11-50
777,Taggstr,http://www.taggstr.com,1-10
778,Urban Metrics,http://urbanigo.com,1-10
779,Contur,http://contur.co,1-10
780,Enodo Software,http://www.enodosoftware.com,1-10
781,Guguchu,http://www.guguchu.com,1-10
782,ScanSocial,http://scansocial.com,1-10
783,"Bookie, Inc.",,
784,FreeLunched,http://www.freelunched.com,1-10
785,Rivono,http://rivono.com,1-10
786,Naubo,http://www.naubo.com,1-10
787,Main Street Stark,http://mainststark.com,1-10
788,HubChilla,http://www.hubchilla.com,1-10
789,Fablistic,http://www.fablistic.com,1-10
790,Bluebox Now!,http://www.blueboxnow.com,
791,Dailysingle,http://www.dailysingle.com,1-10
792,Heekya,http://www.heekya.com,1-10
793,MetroFlats.com,http://www.metroflats.com,1-10
794,Anthillz,http://www.Anthillz.com,1-10
795,Sonda41,http://www.sonda41.com,1-10
796,Radio Rebel,https://www.radiorebel.com/,1-10
797,Charitas,http://notedfaith.org,
798,"CytoDome,Inc.",,
799,ChampionVillage,http://championvillage.com,1-10
800,Thucy,http://www.mythucy.com,1-10
801,Kambit,,1-10
802,mangofizz jobs,,1-10
803,markedup,http://markedup.com,11-50
804,Fanbouts,http://www.fanbouts.com,1-10
805,MightyQuiz,http://mightyquiz.com,1-10
806,Tailored Republic,http://www.tailoredrepublic.com,1-10
807,Infoharmoni,http://www.infoharmoni.com,1-10
808,Automatic Agency,http://www.automaticpartners.com,51-100
809,Parents R People,http://www.ParentsRpeople.com,1-10
810,Fashion Genome Project,http://fashion-genome.com,1-10
811,ZilloPay,http://www.zillopay.net,1-10
812,Deluux,http://deluux.com,1-10
813,Character Booster,http://www.characterbooster.com/,1-10
814,Video Passports,http://www.videopassports.com,
815,"Sidustar International, Inc.",http://www.sidustar.com,11-50
816,Savtira Corporation,http://www.savtira.com,51-100
817,Nalace Corporation,http://www.nalace.com,1-10
818,FounderSync,http://www.foundersync.com,1-10
819,Friend Traveler,http://friendtraveler.com,1-10
820,2100b Sausalito LLC.,http://2100b.com,1-10
821,everyArt,http://everyart.com,1-10
822,Instagarage,http://Instagarage.com,1-10
823,artandseek,http://www.artandseek.com,1-10
824,tu.nr,http://tu.nr,1-10
825,Koduco,http://www.Koduco.com,1-10
826,Chromance,http://chromance.info/,1-10
827,Advanced Medical Innovations,http://www.amiwelisten.com/index.php,1-10
828,HiBeam Internet & Voice,http://www.MyHiBeam.com,1-10
829,freshbag,http://www.thefreshbag.com,1-10
830,Jumbas,http://www.jumbas.com,1-10
831,Twibingo,http://www.twibingo.com,1-10
832,Wakozi,http://www.wakozi.com,1-10
833,documistic,http://www.documistic.com,1-10
834,Givespark,http://givespark.com,1-10
835,"Smaarts, Inc.",http://www.smaarts.com/,11-50
836,MDSmartSearch.com,http://www.mdsmartsearch.com,1-10
837,Indie Vinos,http://indievinos.com,1-10
838,Friendly Wager App,http://www.friendlywager.me,1-10
839,Kid Care Years,http://www.kidcareyears.com,1-10
840,FaceTags,http://FaceTa.gs,1-10
841,Gruvie,http://www.gruvie.com,1-10
842,SolBeam,,
843,"#BratPackStyle, LLC.",http://www.bratpackstyle.com,
844,Adeyoh,http://www.adeyoh.com,1-10
845,tomoguides,http://tomoguides.com,1-10
846,InstantQ,http://www.instantq.com,1-10
847,InVisioneer,http://www.invisioneer.net,1-10
848,Executive Intermediary,http://www.executiveintermediary.com,1-10
849,Satomi,http://satomi.co/,1-10
850,Operationum,http://www.operationum.com,1-10
851,Yoomly,http://yoomly.com,1-10
852,27 bards,http://27bards.com,1-10
853,OhLife,http://ohlife.com,1-10
854,BeanStockd,http://www.beanstockd.com/projects/beanstockd,1-10
855,Trendient,http://www.trendient.com,1-10
856,Cold Crate,http://www.coldcrate.com,1-10
857,Grows Up,http://www.growsup.com,1-10
858,EventHive,http://eventhive.com,1-10
859,Eydea,http://eydeastudios.com,1-10
860,PresenceID,,101-250
861,Hoonto,http://www.hoonto.com,1-10
862,Ubequity,http://www.ubequity.com,1-10
863,RefferedAgent.com,http://www.refferedagent.com,1-10
864,Tapely,http://tapely.com/,1-10
865,BubbleNoise,http://www.BubbleNoise.com,501-1000
866,FanBoom,http://www.fanboom.com,11-50
867,SocStock,http://www.socstock.com,1-10
868,mobintent,http://www.mobintent.com,1-10
869,Leotus,http://leotushomecooling.com,1-10
870,Carbon Motors Corporation,http://carbonmotors.com/,1-10
871,Milk and Honey Shoes,,
872,MySocialNightlife,http://www.mysocialnightlife.com,1-10
873,Hallway Social Learning Network,http://www.hallway.co,1-10
874,Minefold,http://minefold.com,1-10
875,Skysheet,http://www.skysheet.com,1-10
876,Socialmoth,http://socialmoth.com,1-10
877,KitBoost,http://www.KitBoost.com,1-10
878,Beesphere,http://www.beesphere.com,
879,StyleJam,http://stylej.am,1-10
880,Halo,https://www.halowaypoint.com,
881,pocketfungames,http://pocketfungames.com,1-10
882,Sonya Labs,http://sonyalabs.com,1-10
883,Insectigen,,
884,Monkey Analytics,http://monkeyanalytics.com,1-10
885,TV Interactive Systems,http://tvinteractivesystems.com,1-10
886,Moki.tv,http://moki.tv,1-10
887,Straight Up English,http://straightupenglish.com,1-10
888,Coupons Near Me,http://www.couponsnearme.com,1-10
889,writewith,http://writewith.com,1-10
890,Quantira Technologies,http://www.quantiratechnologies.com/,
891,2nd Screen Games,http://www.2ndsg.com,1-10
892,Rally Games,http://rallygam.es,1-10
893,Napali Networks,http://www.napalinetworks.com,
894,BuyPlayWin,http://buyplaywin.com,1-10
895,Premium Advert Solutions,http://lagron.co.cc,1-10
896,I-Shake,http://i-shake.com,1-10
897,PrePay,http://www.prepayapp.com,1-10
898,Case Rover,,
899,Avva Health,http://avvahealth.com,1-10
900,My Digital Life,http://www.mydigitallife.com,11-50
901,Tweetflow,http://tweetflow.com,1-10
902,Optical Entertainment Network,http://www.4fiber.tv,1-10
903,Physiostream,,
904,CDT Systems,,
905,Whitenoise Networks,http://www.whitenoisenetworks.com,1-10
906,END,,11-50
907,Screenplays Eyewear,http://www.varsityoptics.com/,
908,Connectivity Data Systems,,
909,Morsel Labs,,
910,Memamp,,
911,Cascades Development,,
912,GameCrush,http://www.gamecrush.com,11-50
913,appssavvy,http://www.appssavvy.com,11-50
914,RewardMe,http://RewardMe.com,11-50
915,JobHive,http://jobhive.com,11-50
916,Buzztala,http://buzztala.com,1-10
917,OfficeDrop,http://www.officedrop.com,11-50
918,Chill,http://chill.com,1-10
919,BidKind,http://www.bidkind.com,1-10
920,AirGrub,http://www.airgrub.com/,11-50
921,Pumpic,http://pumpic.com,51-100
922,CityHour,http://cityhour.com,1-10
923,CanaryHop,http://www.canaryhop.com,1-10
924,Find That File,http://www.findthatfile.com,1-10
925,Zoji,http://www.zoji.com,
926,Jawfish Games,http://www.jawfishgames.com,11-50
927,TekTrak,http://www.tektrak.com,1-10
928,Opzi,http://opzi.com,1-10
929,Open Air Publishing,http://openairpub.com/,11-50
930,Datasnap.io,http://www.datasnap.io,1-10
931,zahdoo,http://www.zahdoo.com,1-10
932,Hotlist,http://www.hotlist.com,11-50
933,Ztail,http://ztail.com,1-10
934,SeeToo,http://www.seetoo.com,
935,SimulScribe,http://www.simulscribe.com/index.html,11-50
936,Signature,http://www.getsignature.com,11-50
937,Dipity,http://www.dipity.com,1-10
938,Reissued,http://reissued.com,11-50
939,Schoolfy,http://www.schoolfy.com,11-50
940,Intern,http://interninc.com,11-50
941,"Arogi, Inc.",http://arogi.com,1-10
942,Meetly,http://www.meetly.co,1-10
943,Toygaroo.com,http://www.toygaroo.com,1-10
944,KODA,http://koda.us,11-50
945,GraphAlchemist,http://www.graphalchemist.com/,1-10
946,Cliqset,http://www.cliqset.com,1-10
947,Red Loop Media,http://www.redloopmedia.com,11-50
948,AiMarket,http://aimarket.io,1-10
949,Shipzi,http://www.shipzi.com,11-50
950,Prescreen,http://prescreen.com,1-10
951,Piqniq,http://www.piqniq.co,1-10
952,Fielding Systems,http://fieldingsystems.com,1-10
953,Rackup,http://www.rackup.com,11-50
954,Nail Your Mortgage,http://www.nailyourmortgage.com,1-10
955,Yamisee,http://www.yamisee.com/home.aspx,1-10
956,Saber Seven,http://www.saberseven.com,11-50
957,Scaffold,http://getscaffold.com,11-50
958,Swag Of The Month,http://www.swagofthemonth.com,1-10
959,Dormzy,http://www.dormzy.com,1-10
960,For Your Imagination,http://www.foryourimagination.com,1-10
961,"switchedOn, Inc.",http://switchedon.com,11-50
962,Dibsie,http://dibsie.com,1-10
963,YouCastr,http://www.youcastr.com,1-10
964,Twigmore,http://twigmore.com,1-10
965,Credit Coach,http://www.creditcoach.net,1-10
966,Zuujit,http://www.zuujit.com,1-10
967,PhoneTell,http://phonetell.com,11-50
968,Solmentum,http://www.solmentum.com,11-50
969,VC VISION,http://www.vcvision.net,1-10
970,"Vouchd, Inc.",http://www.vouchd.com,1-10
971,NewsBasis,http://newsbasis.com,
972,Sampa,http://www.sampa.com,1-10
973,Booking Angel,http://www.bookingangel.com,1-10
974,Blackaeon International,http://www.blackaeon.uni.me,1-10
975,Ombu,http://www.ombu.me,11-50
976,DeliveryEdge,http://www.licketyship.com,
977,Unbooked Ltd,http://www.unbooked.com,11-50
978,SocialDial,http://socialdial.com,1-10
979,Danger Room Gaming,http://www.Rapidfiretrivia.com,1-10
980,Career Element,http://www.careerelement.com,51-100
981,City Voice,http://www.cityvoice.com,11-50
982,Shattered Reality Interactive,http://www.srinteractive.com,1-10
983,ClientShow,http://www.clientshow.com,11-50
984,Zenring,http://www.zenring.com,1-10
985,mBeat Media,http://www.mbeat.com,1-10
986,Kurani Interactive,http://www.kurani.com,11-50
987,Videodeclasse.com,http://www.videodeclasse.com,1-10
988,TEAM INTERVAL,http://www.teaminterval.com,1-10
989,Knetwit Inc.,http://www.knetwit.com,11-50
990,Rent The Dress,http://www.RentTheDress.com,1-10
991,Talentag,http://talentag.com,1-10
992,kidthing,http://www.kidthing.com,11-50
993,Healogica,http://www.healogica.com,1-10
994,Burning Sky Software,http://www.burningskysoftware.com,1-10
995,Confabb,http://www.confabb.com,1-10
996,ALPHAThrottle.com,http://www.alphathrottle.co.cc,1-10
997,Carticipate,http://www.carticipate.com,1-10
998,Thumb Arcade,http://ThumbArcade.com,11-50
999,MeetCute,http://meetcute.org,1-10
